,x,y,low,upper,weight
0,4.606814299424444,-1.4530562716700768,150,175,5
1,-6.219607208380213,-9.12980182394494,75,175,20
2,-2.894614267896916,8.241598413512353,75,175,5
3,-6.424213542947364,-1.8808683625099416,800,850,20
4,9.846097164985428,-3.073000724227985,150,175,20
5,8.40598345462135,4.263947852818902,300,350,5
