,x,y,low,upper,weight
0,4.603231028536246,5.328719859181776,50,75,20
1,8.588817758673319,-2.213850512380477,650,650,20
2,-0.1741185742915867,8.074917190066564,650,650,10
3,-0.5259979726001731,-2.5510484668393403,25,75,20
4,-7.93782223533986,-1.8089802361029577,25,75,20
5,-3.4250081938238486,-3.0162551694382618,125,275,5
