,x,y,low,upper,weight
0,1.1543909535164545,-0.4495959425389917,350,750,10
1,2.338779547120604,-2.469414088671193,25,50,20
2,2.235974588315969,2.1854107444798485,25,75,5
3,-1.0297148399798162,0.0324181366311755,0,50,10
4,0.7994635434671,-1.7162655471507686,725,750,20
5,0.9747398980124596,1.5261388573685686,350,375,20
