,x,y,low,upper,weight
0,2.306990420600421,2.491696031336331,125,275,5
1,2.081771577767972,-1.4808522235369317,125,150,20
2,-4.167802827553785,4.287480728225191,675,675,10
3,0.8896779562023518,-0.2702539279139602,50,150,20
4,2.706967535783168,-2.8005208502390238,125,275,20
5,-3.966016177209291,-0.5878236473798335,275,275,10
