,x,y,low,upper,weight
0,2.302511331990172,0.968915822372118,375,375,20
1,0.5923025630674701,2.164086915918646,75,150,20
2,-0.7671831360413197,4.07912890089473,75,150,20
3,-1.737553027898496,3.892020867168485,425,725,10
4,0.477068657905586,3.779504759917264,375,375,5
5,1.245243815199375,-4.6880768291548405,75,75,5
