,x,y,low,upper,weight
0,4.608605934868544,-4.843944188084393,75,175,20
1,6.376180457104631,-2.587777479727171,175,175,20
2,-4.25486226371119,8.324939025235249,450,450,5
3,-9.373321030097737,8.454221540643147,175,350,10
4,-1.2619432838635376,6.294988733686274,175,175,20
5,-5.678520423132829,-2.0959509340757414,450,450,10
